Name	title	coding
t3_qsgdfn	Quiet places to study in trottier	c
t3_qsez50	Best place to do a presentation?	c
t3_qs7hvj	Visitor visa instead of student visa?	o
t3_qs3up7	REAL TALK FRIDAY	o
t3_qru558	Psychiatric services at McGill are terrible	o
t3_qrtyq8	"Six months later, we are still demanding accountability for the McGill blacklist - SPHR"	o
t3_qrovl4	Metro stops	o
t3_qrruj0	how to do better on ENGL essays?	c
t3_qrqr3m	ECON 468 study tips?	c
t3_qrnmhc	starbucks w/ seating?	o
t3_qrb441	Can't stop crying every day	o
t3_qrb0la	FREN 231 - Linguistique français as a non-native speaker?	c
t3_qr9i24	How likely are class locations to change?	c
t3_qr19q4	Can Profs remove rate my prof ratings/comments?	c
t3_qqzdrh	Class rank for MSc. application?	c
t3_qqzrhw	Study Permit expiry date changed?	o
t3_qqx044	Reaching out to a professor?	c
t3_qqwdur	Working at a residence dining hall?	r
t3_qqonfn	Does Prof. Daniel Cere award grades above 85% / is common or possible to get 90-95% ?	c
t3_qqn7bu	ECON 257 A3	c
t3_qqgojh	What is the secret to staying on top of things?	o
t3_qqf5wt	Get Paid to do Self-Guided Research! McGill Journal of Human Behavior Research Fellowship	o
t3_qqdm8o	Group chat for Econ408	c
t3_qqd74r	In need of a study buddy	c
t3_qq9nhv	someone should start a dating club at McGill	o
t3_qq9hxp	Is there a difference between PSYC 395 and 494?	c
t3_qq7k1p	I’ve been here for 5 damn years and I finally got to see cloudberry!! She is perfect.	o
t3_qq5qod	The 200 students in person limit	o
t3_qq5p9m	French courses at McGill FRSL vs CEFN	c
t3_qq569m	Missed lecture	c
t3_qq0d9v	Should I wait until the status of the medical exam is updated to arrive?	o
t3_qpt94m	FINE 441 projects	c
t3_qpo7y6	How many classes can you fail before you get kicked out?	c
t3_qpo74y	Grading at McGill	c
t3_qpo84a	How many days ahead do you typically start studying for a midterm?	c
t3_qpo7rn	Harassed on the metro	o
t3_qpma8y	How long does it take to get official transcripts?	o
t3_qpknpx	PHIL 434 Midterm	c
t3_qpkcxp	Peculiar microwave ?	f
t3_qphe5x	Starting a band	o
t3_qphbd3	DONE WITH HEALTH SERVICES	o
t3_qpfm5z	Flags lowered in memory of deceased students: Cause of death?	o
t3_qp884q	My only source for a reference doesn't want to be a reference - what to do?	o
t3_qp6gu4	good news monday	o
t3_qp5hbh	anyone took mgcr 382 with Nicholas Matziorinis?	c
t3_qp5adh	Going less than full time as an intl student for personal reasons?	o
t3_qp2flr	Was Just Informed that I am not Going to Make it in the Workforce	o
t3_qp1lnb	IPN Supervisor Hunt	o
t3_qownap	Lost Goggle	o
t3_qovae6	Where to apply for summer internships CS?	o